Classifier,Modality,Accuracy,Precision,Recall,F1 Score,AUC
SVM (RBF Kernel),Model 1: Iris Only,0.7333333333333333,0.7430555555555556,0.7133333333333334,0.7278911564625851,0.8141777777777778
SVM (RBF Kernel),Model 2: Fingerprint Only,0.6266666666666667,0.625,0.6333333333333333,0.6291390728476821,0.6715111111111111
SVM (RBF Kernel),Model 3: Iris + Fingerprint (Fusion),0.7433333333333333,0.7517241379310344,0.7266666666666667,0.7389830508474576,0.831111111111111
Random Forest,Model 1: Iris Only,0.7366666666666667,0.7414965986394558,0.7266666666666667,0.734006734006734,0.8176444444444444
Random Forest,Model 2: Fingerprint Only,0.6433333333333333,0.6387096774193548,0.66,0.6491803278688525,0.7152000000000001
Random Forest,Model 3: Iris + Fingerprint (Fusion),0.74,0.74,0.74,0.74,0.8169333333333334
Hist Gradient Boosting,Model 1: Iris Only,0.75,0.7483443708609272,0.7533333333333333,0.7508305647840532,0.8224
Hist Gradient Boosting,Model 2: Fingerprint Only,0.6466666666666666,0.6506849315068494,0.6333333333333333,0.6418918918918919,0.7056888888888889
Hist Gradient Boosting,Model 3: Iris + Fingerprint (Fusion),0.77,0.7913669064748201,0.7333333333333333,0.7612456747404844,0.8579555555555556
Late Fusion Stacking,Model 1: Iris Only,0.7333333333333333,0.7430555555555556,0.7133333333333334,0.7278911564625851,0.8141777777777778
Late Fusion Stacking,Model 2: Fingerprint Only,0.6266666666666667,0.625,0.6333333333333333,0.6291390728476821,0.6715111111111111
Late Fusion Stacking,Model 3: Iris + Fingerprint (Fusion),0.7666666666666667,0.7777777777777778,0.7466666666666667,0.7619047619047619,0.8448444444444444
